{
  "accuracy": 0.8121945216076515,
  "f1": 0.6445257903494176,
  "roc_auc": 0.8788865038395518,
  "pr_auc": 0.7260509888251627,
  "precision_pluie": 0.557962664208343,
  "recall_pluie": 0.7628801008350402
}