{
  "accuracy": 0.8101550687436267,
  "f1": 0.6417147786847169,
  "roc_auc": 0.8767345642629826,
  "pr_auc": 0.7217799709786141,
  "precision_pluie": 0.5543453336390736,
  "recall_pluie": 0.7617772175831101
}